[
    {"pk":   10, "model": "core.branch", "fields": {"name": "Электронная комерция", "text": ""}},
    {"pk":   20, "model": "core.branch", "fields": {"name": "Автомобильная промышленность", "text": ""}},
    {"pk":   30, "model": "core.branch", "fields": {"name": "Аэрокосмическая и оборонная промышленность", "text": ""}},
    {"pk":   40, "model": "core.branch", "fields": {"name": "Банковская отрасль", "text": ""}},
    {"pk":   50, "model": "core.branch", "fields": {"name": "Биржи / Аукционы", "text": ""}},
    {"pk":   60, "model": "core.branch", "fields": {"name": "Высокие технологии и электроника", "text": ""}},
    {"pk":   70, "model": "core.branch", "fields": {"name": "Высшее образование и научные исследования", "text": ""}},
    {"pk":   80, "model": "core.branch", "fields": {"name": "Горнодобывающая промышленность", "text": ""}},
    {"pk":   90, "model": "core.branch", "fields": {"name": "Государственный сектор", "text": ""}},
    {"pk":  100, "model": "core.branch", "fields": {"name": "Здравоохранение", "text": ""}},
    {"pk":  110, "model": "core.branch", "fields": {"name": "Логистические услуги", "text": ""}},
    {"pk":  120, "model": "core.branch", "fields": {"name": "Машиностроение и производство компонентов", "text": ""}},
    {"pk":  130, "model": "core.branch", "fields": {"name": "Медиа", "text": ""}},
    {"pk":  140, "model": "core.branch", "fields": {"name": "Нефтегазовая промышленность", "text": ""}},
    {"pk":  150, "model": "core.branch", "fields": {"name": "Обрабатывающая промышленность", "text": ""}},
    {"pk":  160, "model": "core.branch", "fields": {"name": "Оптовая торговля", "text": ""}},
    {"pk":  170, "model": "core.branch", "fields": {"name": "Потребительские общества", "text": ""}},
    {"pk":  180, "model": "core.branch", "fields": {"name": "Проектирование и строительство", "text": ""}},
    {"pk":  190, "model": "core.branch", "fields": {"name": "Производство товаров народного потребления", "text": ""}},
    {"pk":  200, "model": "core.branch", "fields": {"name": "Профессиональные услуги", "text": ""}},
    {"pk":  210, "model": "core.branch", "fields": {"name": "Рестораны, HORECA", "text": ""}},
    {"pk":  220, "model": "core.branch", "fields": {"name": "Розничная торговля", "text": ""}},
    {"pk":  230, "model": "core.branch", "fields": {"name": "Сельское хозяйство", "text": ""}},
    {"pk":  240, "model": "core.branch", "fields": {"name": "Страхование", "text": ""}},
    {"pk":  250, "model": "core.branch", "fields": {"name": "Телекоммуникации", "text": ""}},
    {"pk":  260, "model": "core.branch", "fields": {"name": "Фармацевтика и биотехнологии", "text": ""}},
    {"pk":  270, "model": "core.branch", "fields": {"name": "Химическая промышленность", "text": ""}},
    {"pk":  280, "model": "core.branch", "fields": {"name": "Энергетика и ЖКХ", "text": ""}},
    {"pk":  290, "model": "core.branch", "fields": {"name": "ИТ", "text": ""}},


    {"pk": 11010, "model": "core.branch_tech", "fields": {"name": "RP – Requirements/resource planning", "weight": 1, "text": "Планирование потребностей/ресурсов"}},
        {"pk": 11010, "model": "core.branch_tech_to_branch", "fields": {"branch": 110, "branch_tech": 11010}},
    {"pk": 11020, "model": "core.branch_tech", "fields": {"name": "JIT – Just-in-time", "weight": 1, "text": "Точно в срок"}},
        {"pk": 11020, "model": "core.branch_tech_to_branch", "fields": {"branch": 110, "branch_tech": 11020}},
    {"pk": 11030, "model": "core.branch_tech", "fields": {"name": "LP – Lean Production", "weight": 1, "text": "«Плоское производство»"}},
        {"pk": 11030, "model": "core.branch_tech_to_branch", "fields": {"branch": 110, "branch_tech": 11030}},
    {"pk": 11040, "model": "core.branch_tech", "fields": {"name": "DDT – Demand-driven techniques", "weight": 2, "text": "Логистика, ориентированная на спрос"}},
        {"pk": 11040, "model": "core.branch_tech_to_branch", "fields": {"branch": 110, "branch_tech": 11040}},
    {"pk": 11050, "model": "core.branch_tech", "fields": {"name": "SCM - Supply chain management", "weight": 2, "text": "Управление цепью поставок"}},
        {"pk": 11050, "model": "core.branch_tech_to_branch", "fields": {"branch": 110, "branch_tech": 11050}},
    {"pk": 11060, "model": "core.branch_tech", "fields": {"name": "Time-based logistics", "weight": 2, "text": "Логистика в реальном масштабе времени"}},
        {"pk": 11060, "model": "core.branch_tech_to_branch", "fields": {"branch": 110, "branch_tech": 11060}},
    {"pk": 11070, "model": "core.branch_tech", "fields": {"name": "Value added logistics", "weight": 2, "text": "Логистика добавленной стоимости"}},
        {"pk": 11070, "model": "core.branch_tech_to_branch", "fields": {"branch": 110, "branch_tech": 11070}},
    {"pk": 11080, "model": "core.branch_tech", "fields": {"name": "Virtual logistics", "weight": 2, "text": "Виртуальная логистика"}},
        {"pk": 11080, "model": "core.branch_tech_to_branch", "fields": {"branch": 110, "branch_tech": 11080}},
    {"pk": 11090, "model": "core.branch_tech", "fields": {"name": "E-logistics", "weight": 2, "text": "Электронная логистика"}},
        {"pk": 11090, "model": "core.branch_tech_to_branch", "fields": {"branch": 110, "branch_tech": 11090}},


    {"pk": 29010, "model": "core.branch_tech", "fields": {"name": "Python", "text": ""}},
        {"pk": 29010, "model": "core.branch_tech_to_branch", "fields": {"branch": 290, "branch_tech": 29010}},
    {"pk": 29020, "model": "core.branch_tech", "fields": {"name": "Perl", "text": ""}},
        {"pk": 29020, "model": "core.branch_tech_to_branch", "fields": {"branch": 290, "branch_tech": 29020}},
    {"pk": 29030, "model": "core.branch_tech", "fields": {"name": "PHP", "text": ""}},
        {"pk": 29030, "model": "core.branch_tech_to_branch", "fields": {"branch": 290, "branch_tech": 29030}},
    {"pk": 29040, "model": "core.branch_tech", "fields": {"name": "OOP", "text": ""}},
        {"pk": 29040, "model": "core.branch_tech_to_branch", "fields": {"branch": 290, "branch_tech": 29040}},
    {"pk": 29050, "model": "core.branch_tech", "fields": {"name": "WEB", "text": ""}},
        {"pk": 29050, "model": "core.branch_tech_to_branch", "fields": {"branch": 290, "branch_tech": 29050}},
    {"pk": 29060, "model": "core.branch_tech", "fields": {"name": "Mobile App", "text": ""}},
        {"pk": 29060, "model": "core.branch_tech_to_branch", "fields": {"branch": 290, "branch_tech": 29060}},
    {"pk": 29070, "model": "core.branch_tech", "fields": {"name": "SaaS", "text": ""}},
        {"pk": 29070, "model": "core.branch_tech_to_branch", "fields": {"branch": 290, "branch_tech": 29070}},




    {"pk": 10, "model": "core.kis_type", "fields": {
        "name": "BI",
        "text": "Business Intelligence",
        "criteria": ""
    }},
    {"pk": 20, "model": "core.kis_type", "fields": {
        "name": "BPMS/BPMT",
        "text": "(англ. Business Process Management System/Tool, управление бизнес-процессами) — концепция процессного управления организацией, рассматривающая бизнес-процессы как особые ресурсы предприятия, непрерывно адаптируемые к постоянным изменениям, и полагающаяся на такие принципы, как понятность и видимость бизнес-процессов в организации за счёт моделирования бизнес-процессов с использованием формальных нотаций, использования программного обеспечения моделирования, симуляции, мониторинга и анализа бизнес-процессов, возможность динамического перестроения моделей бизнес-процессов силами участников и средствами программных систем",
        "criteria": "* поддержка задач «человек-человек» (англ. human workflow);\n* поддержка организационной структуры и ролевых групп;\n* возможность переназначения заданий, оперативного вмешательства в процесс и обработки исключительных ситуаций;\n* возможность управления логикой процесса с рабочего места пользователя;\n* наличие графических средств разработки моделей бизнес-процесса;\n* способность обслуживать многочисленные, продолжительные и распределённые процессы;\n* возможность информирования в реальном времени по отклонениям показателей процесса;\n* поддержка сервис-ориентированной архитектуры;\n* присутствие шаблонов бизнес-процессов, референтных моделей бизнес-процессов на основании которых могут быть разработаны новые процессы;"
    }},
    {"pk": 30, "model": "core.kis_type", "fields": {
        "name": "CMS",
        "text": "Content Management System — Системы Управления Содержанием",
        "criteria": "* Предоставление инструментов для создания содержимого, организация совместной работы над содержимым,\n* Управление содержимым: хранение, контроль версий, соблюдение режима доступа, управление потоком документов и т. п.,\n* Публикация содержимого,\n* Представление информации в виде, удобном для навигации, поиска."
    }},
    {"pk": 40, "model": "core.kis_type", "fields": {
        "name": "CRM",
        "text": "Система управления взаимоотношениями с клиентами (CRM, CRM-система, сокращение от англ. Customer Relationship Management) — прикладное программное обеспечение для организаций, предназначенное для автоматизации стратегий взаимодействия с заказчиками (клиентами), в частности, для повышения уровня продаж, оптимизации маркетинга и улучшения обслуживания клиентов путём сохранения информации о клиентах и истории взаимоотношений с ними, установления и улучшения бизнес-процедур и последующего анализа результатов.",
        "criteria": "* Наличие единого хранилища информации, куда собираются сведения о взаимодействии с клиентами.\n* Использование многих каналов взаимодействия: обслуживание на точках продаж, телефонные звонки, электронная почта, мероприятия, встречи, регистрационные формы на веб-сайтах, рекламные ссылки, чаты, социальные сети.\n* Анализ собранной информации о клиентах и подготовка данных для принятия соответствующих решений — например, сегментация клиентов на основе их значимости для компании, потенциальном отклике на те или иные промо-акции, прогнозе потребности в тех или иных продуктах компании."
    }},
    {"pk": 50, "model": "core.kis_type", "fields": {
        "name": "CTRM/ETRM",
        "text": "Класс информационных систем, служащих для поддержки бизнес-процессов глобальной торговли биржевыми товарами, а также производными от них инструментами. Исторически развился из более узкого класса — ETRM (англ. energy trade and risk management).\n\nБизнес-процессы ETRM/CTRM и системы их поддерживающие отличаются заметной спецификой. Это высокая волатильность цен на эти товары, и связанная с этим высокая рискованность операций. В то же время товарный трейдинг существенно отличается от фондового трейдинга наличием логистической специфики — географических перемещений, складских, транспортных и временных издержек, потерь и излишков при обработке неупакованных грузов, показателей качества (также изменяющихся в течение транспортировок, перевалок и хранения), необходимости планирования транспорта и прочих особенностей.",
        "criteria": ""
    }},
    {"pk": 60, "model": "core.kis_type", "fields": {
        "name": "EAM",
        "text": "Cистемы управления основными фондами предприятия",
        "criteria": ""
    }},
    {"pk": 70, "model": "core.kis_type", "fields": {
        "name": "ECM",
        "text": "Enterprise Content Management, управление информационными ресурсами",
        "criteria": ""
    }},
    {"pk": 80, "model": "core.kis_type", "fields": {
        "name": "ERP",
        "text": "Cистемы планирования ресурсов предприятия",
        "criteria": ""
    }},
    {"pk": 90, "model": "core.kis_type", "fields": {
        "name": "ESB",
        "text": "Интеграционные шины данныx",
        "criteria": ""
    }},
    {"pk": 100, "model": "core.kis_type", "fields": {
        "name": "HRM",
        "text": "Human Resource Management",
        "criteria": ""
    }},
    {"pk": 110, "model": "core.kis_type", "fields": {
        "name": "LIMS",
        "text": "Laboratory Information Management System, система управления лабораторной информацией",
        "criteria": "* Регистрация и идентификация образцов, поступающих в лабораторию (для ЛИС медицинского назначения — регистрация и идентификация пациентов).\n* Управление заданиями на проведение исследования. Поддержка ручных методик проведения исследований и взаимодействие с лабораторным оборудованием (анализаторами) в части формирования заданий для анализаторов и получения результатов исследований.\n* Обработка и доставка результатов (валидация, авторизация, печать, передача в другие системы и т. д. полученных результатов исследований)."
    }},
    {"pk": 120, "model": "core.kis_type", "fields": {
        "name": "MES",
        "text": "Cистемы оперативного (цехового) управления производством и ремонтами\n* оно же - АСУТП",
        "criteria": "* управление изготовлением готовой продукции в основном для непрерывных производств\n* задачи автоматического управления и регулирования"
    }},
    {"pk": 130, "model": "core.kis_type", "fields": {
        "name": "MPS",
        "text": "Master Planning Scheduling – управление календарным планированием",
        "criteria": ""
    }},
    {"pk": 140, "model": "core.kis_type", "fields": {
        "name": "MRM",
        "text": "Cистемы управления маркетинговыми ресурсами",
        "criteria": ""
    }},
    {"pk": 150, "model": "core.kis_type", "fields": {
        "name": "MRP",
        "text": "Material Requirement Planning - планирования материальных потребностей",
        "criteria": ""
    }},
    {"pk": 160, "model": "core.kis_type", "fields": {
        "name": "SCM",
        "text": "Supply chain management — Система управления цепочками поставок",
        "criteria": ""
    }},
    {"pk": 170, "model": "core.kis_type", "fields": {
        "name": "SRM",
        "text": "Supplier Relationship Management — системы управления взаимоотношениями с поставщиками",
        "criteria": ""
    }},
    {"pk": 180, "model": "core.kis_type", "fields": {
        "name": "WMS",
        "text": "Warehouse Management System — Системы Управления Складом (СУС)",
        "criteria": ""
    }},
    {"pk": 190, "model": "core.kis_type", "fields": {
        "name": "АСНИ",
        "text": "Автоматизированная система научных исследований (Основная цель: моделирование и проведение экспериментов. Решаемые задачи и инструментарий: математическая статистика, планирование эксперимента, методы оптимизации, имитационное моделирование)",
        "criteria": ""
    }},
    {"pk": 200, "model": "core.kis_type", "fields": {
        "name": "АСТПП",
        "text": "Автоматизированная система технологической подготовки производства",
        "criteria": ""
    }},
    {"pk": 210, "model": "core.kis_type", "fields": {
        "name": "Биллинговые системы",
        "text": "",
        "criteria": ""
    }},
    {"pk": 220, "model": "core.kis_type", "fields": {
        "name": "Геоинформационные системы",
        "text": "",
        "criteria": ""
    }},
    {"pk": 230, "model": "core.kis_type", "fields": {
        "name": "САПР",
        "text": "Cистема автоматизированного проектирования",
        "criteria": "* автоматизация процессов расчетов и проектирования\n* изготовление конструкторской документации\n* смет, заказных спецификаций\n* оптимизация проектных решений\n* снижение сроков проектирования"
    }},
    {"pk": 240, "model": "core.kis_type", "fields": {
        "name": "EPM",
        "text": "? Поддерживают стратегическое планирование и постановку целей, финансовое и оперативное планирование, непрерывное подведение финансовых итогов и составление отчетности, а также управление доходностью в комплексном и полностью интегрированном пакете",
        "criteria": ""
    }},
    {"pk": 250, "model": "core.kis_type", "fields": {
        "name": "DMS",
        "text": "Document Management System — СЭД (Системы Электронного Документооборота)\n* Часто в составе CMS",
        "criteria": ""
    }},









    {"pk":      1, "model": "core.developer", "fields": {"name": "CUSTIS", "text": ""}},
    {"pk":   1000, "model": "core.developer", "fields": {"name": "Oracle", "text": ""}},
    {"pk":   1010, "model": "core.developer", "fields": {"name": "SAP", "text": ""}},
    {"pk":   1030, "model": "core.developer", "fields": {"name": "Aspen", "text": "http://www.aspentech.com/products/home"}},
    {"pk":   1040, "model": "core.developer", "fields": {"name": "Крок", "city": "1", "revenue_2011": "38016000", "revenue_2010": "25284605", "staff_2011": "1864", "staff_2010": "1783", "text": "http://www.croc.ru/solution"}},
    {"pk":   1050, "model": "core.developer", "fields": {"name": "IT Alliance", "text": "http://www.it-alnc.ru/services"}},
    {"pk":   1060, "model": "core.developer", "fields": {"name": "IBS", "city": "1", "revenue_2011": "26100000", "revenue_2010": "20606530", "staff_2011": "8350", "staff_2010": "7227", "text": "http://www.ibs.ru/content/rus/rubr9/rubr-94.asp"}},
    {"pk":   1070, "model": "core.developer", "fields": {"name": "Ланит", "city": "1", "revenue_2011": "50254866", "revenue_2010": "40944000", "staff_2011": "4997", "staff_2010": "4292", "text": "http://www.lanit.ru/business"}},
    {"pk":   1080, "model": "core.developer", "fields": {"name": "Микротест", "city": "1", "revenue_2011": "11530016", "revenue_2010": "9298400", "staff_2011": "692", "staff_2010": "678", "text": "http://www.microtest.ru/software"}},
    {"pk":   1090, "model": "core.developer", "fields": {"name": "АйТи", "city": "1", "revenue_2011": "6180000", "revenue_2010": "4692560", "staff_2011": "1590", "staff_2010": "1550", "text": "http://www.it.ru/services/detail.php?ID=385&type=projects"}},
    {"pk":   1100, "model": "core.developer", "fields": {"name": "Техносерв", "city": "1", "revenue_2011": "39277591", "revenue_2010": "33517571", "staff_2011": "2381", "staff_2010": "2116", "text": "http://www.technoserv.com/services"}},
    {"pk":   1110, "model": "core.developer", "fields": {"name": "Ай-Теко", "city": "1", "revenue_2011": "16900000", "revenue_2010": "12510000", "staff_2011": "1800", "staff_2010": "1300", "text": "http://www.i-teco.ru/products_new.html"}},
    {"pk":   1120, "model": "core.developer", "fields": {"name": "Инфосистемы Джет", "city": "1", "revenue_2011": "8818756", "revenue_2010": "8621836", "staff_2011": "1014", "staff_2010": "1020", "text": "http://jet.msk.su/projects"}},
    {"pk":   1130, "model": "core.developer", "fields": {"name": "Сибинтек", "text": "http://sibintek.ru/industry"}},
    {"pk":   1140, "model": "core.developer", "fields": {"name": "GMCS", "text": "http://www.gmcs.ru/what-we-do/industry"}},
    {"pk":   1150, "model": "core.developer", "fields": {"name": "Инфоконт", "text": "http://infocont.ru"}},
    {"pk":   1160, "model": "core.developer", "fields": {"name": "R-Style", "city": "1", "revenue_2011": "27680664", "revenue_2010": "21564321", "staff_2011": "2170", "staff_2010": "1930", "text": "http://www.r-style.ru/work/sistfusion"}},
    {"pk":   1170, "model": "core.developer", "fields": {"name": "Inline Technologies", "city": "1", "revenue_2011": "4796713", "revenue_2010": "4370392", "staff_2011": "292", "staff_2010": "238", "text": "http://www.in-line.ru/branches"}},
    {"pk":   1180, "model": "core.developer", "fields": {"name": "Борлас", "text": "http://borlas.ru/clients.html"}},
    {"pk":   1190, "model": "core.developer", "fields": {"name": "TopS BI", "text": "http://www.topsbi.ru/default.asp?trID=5"}},
    {"pk":   1200, "model": "core.developer", "fields": {"name": "Корус Консалтинг", "text": "http://korusconsulting.ru/industries/browse"}},
    {"pk":   1210, "model": "core.developer", "fields": {"name": "Оптима", "city": "1", "revenue_2011": "12041966", "revenue_2010": "11093876", "staff_2011": "2458", "staff_2010": "2416", "text": "http://www.optima.ru/branches"}},
    {"pk":   1220, "model": "core.developer", "fields": {"name": "AMT Group", "city": "1", "revenue_2011": "5549000", "revenue_2010": "4805000", "staff_2011": "366", "staff_2010": "345", "text": "http://www.amt.ru/markets"}},
    {"pk":   1230, "model": "core.developer", "fields": {"name": "Columbus IT Partner", "text": "http://www.columbusglobal.com"}},
    {"pk":   1240, "model": "core.developer", "fields": {"name": "BCC", "city": "2", "revenue_2011": "15130074", "revenue_2010": "14812626", "staff_2011": "988", "staff_2010": "876", "text": "http://www.bcc.ru/experience"}},
    {"pk":   1250, "model": "core.developer", "fields": {"name": "IFC", "text": "http://www.ifsworld.com/ru-ru/industries"}},
    {"pk":   1260, "model": "core.developer", "fields": {"name": "NVision", "text": "http://www.nvg.ru/solutions-and-services"}},
    {"pk":   1270, "model": "core.developer", "fields": {"name": "ИКТ-Консалт", "text": "http://www.ikt-group.ru/sectdecisions"}},
    {"pk":   1280, "model": "core.developer", "fields": {"name": "Инлайн Груп", "text": "http://www.inlinegroup.ru/products/software"}},
    {"pk":   1290, "model": "core.developer", "fields": {"name": "Систематика", "text": "http://www.systematic.ru/resheniya_i_uslugi/sx/ClickWAY/resheniya_i_uslugi.html"}},
    {"pk":   1300, "model": "core.developer", "fields": {"name": "Сервис Плюс", "text": "http://www.servplus.by/solutions"}},
    {"pk":   1310, "model": "core.developer", "fields": {"name": "ОТР", "city": "1", "revenue_2011": "3517092", "revenue_2010": "3256567", "staff_2011": "1316", "staff_2010": "1278", "text": "http://www.otr.ru/industries/index.php"}},
    {"pk":   1320, "model": "core.developer", "fields": {"name": "Cognitive Technologies", "city": "1", "revenue_2011": "13823575", "revenue_2010": "10591376", "staff_2011": "762", "staff_2010": "695", "text": "http://www.cognitive.ru/about-us.html"}},
    {"pk":   1330, "model": "core.developer", "fields": {"name": "EMC", "text": "http://russia.emc.com/index.htm"}},
    {"pk":   1340, "model": "core.developer", "fields": {"name": "Epicor", "text": "http://www.epicor.com/russia/Pages/default.aspx"}},
    {"pk":   1350, "model": "core.developer", "fields": {"name": "Галактика", "text": "http://www.galaktika.ru/klienty/otrasli-primeneniya"}},
    {"pk":   1360, "model": "core.developer", "fields": {"name": "Terrasoft", "text": "http://www.terrasoft.ru/industries"}},
    {"pk":   1370, "model": "core.developer", "fields": {"name": "Microsoft", "text": ""}},
    {"pk":   1380, "model": "core.developer", "fields": {"name": "NetSuite", "text": "http://www.netsuite.com/portal/products/main.shtml"}},
    {"pk":   1390, "model": "core.developer", "fields": {"name": "SugarCRM", "text": "http://www.sugarcrm.com/solutions"}},
    {"pk":   1400, "model": "core.developer", "fields": {"name": "kpi", "text": "http://www.kpi.com/product-tour"}},
    {"pk":   1410, "model": "core.developer", "fields": {"name": "РДТЕХ", "text": "http://www.rdtex.ru/win/root/services_it_for_business.html"}},
    {"pk":   1420, "model": "core.developer", "fields": {"name": "Люксофт", "text": "http://www.luxoft.ru/industries"}},
    {"pk":   1430, "model": "core.developer", "fields": {"name": "SalesForce", "text": "http://www.salesforce.com/products"}},
    {"pk":   1440, "model": "core.developer", "fields": {"name": "САПЕРИОН", "text": "ECM http://www.saperion.ru"}},
    {"pk":   1450, "model": "core.developer", "fields": {"name": "НКК (Национальная компьютерная корпорация)", "text": "http://www.ncc.ru/home"}},
    {"pk":   1460, "model": "core.developer", "fields": {"name": "Sitronics", "text": "http://www.sitronics.ru/products"}},
    {"pk":   1470, "model": "core.developer", "fields": {"name": "Энвижн Груп", "city": "1", "revenue_2011": "20948565", "revenue_2010": "18496007", "staff_2011": "1175", "staff_2010": "1132", "text": "http://www.nvg.ru/solutions-and-services"}},
    {"pk":   1480, "model": "core.developer", "fields": {"name": "ITG (Inline Technologies Group)", "city": "1", "revenue_2011": "17519000", "revenue_2010": "10016000", "staff_2011": "1248", "staff_2010": "1068", "text": "http://www.itgrp.ru"}},
    {"pk":   1490, "model": "core.developer", "fields": {"name": "Астерос", "city": "1", "revenue_2011": "17258352", "revenue_2010": "11179840", "staff_2011": "1570", "staff_2010": "1453", "text": "http://www.asteros.ru/solutions/it-consulting"}},
    {"pk":   1490, "model": "core.developer", "fields": {"name": "Softline", "city": "1", "revenue_2011": "16407901", "revenue_2010": "12748482", "staff_2011": "1900", "staff_2010": "1700", "text": "http://services.softline.ru"}},
    {"pk":   1490, "model": "core.developer", "fields": {"name": "Verysell", "city": "1", "revenue_2011": "14078350", "revenue_2010": "12817759", "staff_2011": "308", "staff_2010": "390", "text": "http://www.vp.verysell.ru/services/services_03"}},
    {"pk":   1500, "model": "core.developer", "fields": {"name": "Авирса", "city": "1", "revenue_2011": "11211458", "revenue_2010": "5877132", "staff_2011": "1500", "text": "http://www.avirsa.ru/ru/solutions"}},
    {"pk":   1510, "model": "core.developer", "fields": {"name": "Epam", "city": "1", "revenue_2011": "9835123", "revenue_2010": "6638274", "staff_2011": "8125", "staff_2010": "5600", "text": "http://www.avirsa.ru/ru/solutions"}},
    {"pk":   1510, "model": "core.developer", "fields": {"name": "Центр финансовых технологий", "city": "1", "revenue_2011": "9074200", "revenue_2010": "5585883", "staff_2011": "1820", "staff_2010": "1384", "text": "http://www.cft.ru/catalogs/Pages/index.aspx"}},
    {"pk":   1520, "model": "core.developer", "fields": {"name": "Рамэк-ВС", "city": "2", "revenue_2011": "6394285", "revenue_2010": "5313577", "staff_2011": "820", "staff_2010": "679", "text": "http://www.ramec.ru/services/soprovogdenie"}},
    {"pk":   1530, "model": "core.developer", "fields": {"name": "Татинтек", "city": "11", "revenue_2011": "6317785", "revenue_2010": "4139008", "text": "http://www.ramec.ru/services/soprovogdenie/"}},
    {"pk":   1560, "model": "core.developer", "fields": {"name": "Форс", "city": "1", "revenue_2011": "4842652", "revenue_2010": "3077448", "staff_2011": "320", "staff_2010": "298", "text": "http://www.fors.ru/portal/page?_pageid=113,242302&_dad=portal&_schema=PORTAL"}},
    {"pk":   1570, "model": "core.developer", "fields": {"name": "ICL-КПО ВС", "city": "12", "revenue_2011": "4633017", "revenue_2010": "3752496", "staff_2011": "1302", "staff_2010": "1127", "text": "http://www.icl.ru/industry-solutions"}},
    {"pk":   1580, "model": "core.developer", "fields": {"name": "Стинс Коман", "city": "1", "revenue_2011": "4501015", "revenue_2010": "3200159", "staff_2011": "819", "staff_2010": "598", "text": "http://www.stinscoman.com/decisions.html"}},
    {"pk":   1590, "model": "core.developer", "fields": {"name": "Си Ти Ай", "city": "1", "revenue_2011": "3290854", "revenue_2010": "1479959", "staff_2011": "129", "text": "http://www.cti.ru/solutions"}},
    {"pk":   1600, "model": "core.developer", "fields": {"name": "СКБ Контур", "city": "3", "revenue_2011": "3100000", "revenue_2010": "2290000", "staff_2011": "1540", "staff_2010": "1366", "text": "http://kontur.ru/products"}},





    {"pk": 10, "model": "core.kis", "fields": {"name": "Oracle", "owner": "1000", "text": "* Agile | http://www.oracle.com/us/products/applications/agile/\n* ATG | http://www.oracle.com/us/products/applications/commerce/atg/\n* AutoVue | http://www.oracle.com/us/products/applications/autoVue/\n* Documaker | http://www.oracle.com/us/products/applications/documaker/overview/\n* Endeca | http://www.oracle.com/us/products/applications/commerce/endeca/overview/\n* Hyperion | http://www.oracle.com/us/solutions/ent-performance-bi/performance-management/index.html\n* JD Edwards EnterpriseOne | http://www.oracle.com/us/products/applications/jd-edwards-enterpriseone/overview/\n* JD Edwards World | http://www.oracle.com/us/products/applications/jd-edwards-world/overview/\n* Taleo | http://www.oracle.com/us/products/applications/taleo/overview/\n* Knowledge Management | http://www.oracle.com/us/products/applications/knowledge-management/\n* Oracle Crystal Ball | http://www.oracle.com/us/products/applications/crystalball/overview/\n* Oracle CRM On Demand | http://www.oracle.com/us/products/applications/crmondemand/\n* Oracle E-Business Suite | http://www.oracle.com/us/products/applications/ebusiness/overview/\n* Oracle Fusion Applications | http://www.oracle.com/us/products/applications/fusion/overview/\n* Primavera | http://www.oracle.com/us/products/applications/primavera/overview/\n* PeopleSoft | http://www.oracle.com/us/products/applications/peoplesoft-enterprise/overview/\n* RightNow | http://www.oracle.com/us/products/applications/rightnow/overview/\n* Siebel | http://www.oracle.com/us/products/applications/siebel/overview/"}},

        {"pk": 1010, "model": "core.kis_type_to_kis", "fields": {"kis": "10", "kis_type": "10"}},
        {"pk": 1011, "model": "core.kis_type_to_kis", "fields": {"kis": "10", "kis_type": "20"}},
        {"pk": 1012, "model": "core.kis_type_to_kis", "fields": {"kis": "10", "kis_type": "30"}},
        {"pk": 1013, "model": "core.kis_type_to_kis", "fields": {"kis": "10", "kis_type": "40"}},
        {"pk": 1014, "model": "core.kis_type_to_kis", "fields": {"kis": "10", "kis_type": "250"}},
        {"pk": 1015, "model": "core.kis_type_to_kis", "fields": {"kis": "10", "kis_type": "100"}},
        {"pk": 1016, "model": "core.kis_type_to_kis", "fields": {"kis": "10", "kis_type": "160"}},
        {"pk": 1017, "model": "core.kis_type_to_kis", "fields": {"kis": "10", "kis_type": "80"}},
        {"pk": 1018, "model": "core.kis_type_to_kis", "fields": {"kis": "10", "kis_type": "170"}},
        {"pk": 1019, "model": "core.kis_type_to_kis", "fields": {"kis": "10", "kis_type": "240"}},
        {"pk": 1020, "model": "core.kis_type_to_kis", "fields": {"kis": "10", "kis_type": "70"}},

        {"pk": 1010, "model": "core.branch_to_kis", "fields": {"kis": "10", "branch": "10"}},
        {"pk": 1011, "model": "core.branch_to_kis", "fields": {"kis": "10", "branch": "20"}},
        {"pk": 1012, "model": "core.branch_to_kis", "fields": {"kis": "10", "branch": "30"}},
        {"pk": 1013, "model": "core.branch_to_kis", "fields": {"kis": "10", "branch": "40"}},
        {"pk": 1014, "model": "core.branch_to_kis", "fields": {"kis": "10", "branch": "60"}},
        {"pk": 1015, "model": "core.branch_to_kis", "fields": {"kis": "10", "branch": "70"}},
        {"pk": 1016, "model": "core.branch_to_kis", "fields": {"kis": "10", "branch": "80"}},
        {"pk": 1017, "model": "core.branch_to_kis", "fields": {"kis": "10", "branch": "90"}},
        {"pk": 1018, "model": "core.branch_to_kis", "fields": {"kis": "10", "branch": "100"}},
        {"pk": 1019, "model": "core.branch_to_kis", "fields": {"kis": "10", "branch": "110"}},
        {"pk": 1020, "model": "core.branch_to_kis", "fields": {"kis": "10", "branch": "120"}},
        {"pk": 1021, "model": "core.branch_to_kis", "fields": {"kis": "10", "branch": "130"}},
        {"pk": 1022, "model": "core.branch_to_kis", "fields": {"kis": "10", "branch": "140"}},
        {"pk": 1023, "model": "core.branch_to_kis", "fields": {"kis": "10", "branch": "150"}},
        {"pk": 1024, "model": "core.branch_to_kis", "fields": {"kis": "10", "branch": "160"}},
        {"pk": 1025, "model": "core.branch_to_kis", "fields": {"kis": "10", "branch": "180"}},
        {"pk": 1026, "model": "core.branch_to_kis", "fields": {"kis": "10", "branch": "190"}},
        {"pk": 1027, "model": "core.branch_to_kis", "fields": {"kis": "10", "branch": "200"}},
        {"pk": 1028, "model": "core.branch_to_kis", "fields": {"kis": "10", "branch": "210"}},
        {"pk": 1029, "model": "core.branch_to_kis", "fields": {"kis": "10", "branch": "220"}},
        {"pk": 1030, "model": "core.branch_to_kis", "fields": {"kis": "10", "branch": "230"}},
        {"pk": 1031, "model": "core.branch_to_kis", "fields": {"kis": "10", "branch": "240"}},
        {"pk": 1032, "model": "core.branch_to_kis", "fields": {"kis": "10", "branch": "250"}},
        {"pk": 1033, "model": "core.branch_to_kis", "fields": {"kis": "10", "branch": "260"}},
        {"pk": 1034, "model": "core.branch_to_kis", "fields": {"kis": "10", "branch": "270"}},
        {"pk": 1035, "model": "core.branch_to_kis", "fields": {"kis": "10", "branch": "280"}},
        {"pk": 1036, "model": "core.branch_to_kis", "fields": {"kis": "10", "branch": "290"}},


    {"pk": 20, "model": "core.kis", "fields": {"name": "SAP", "owner": "1010", "text": ""}},

        {"pk": 2010, "model": "core.kis_type_to_kis", "fields": {"kis": "20", "kis_type": "10"}},
        {"pk": 2011, "model": "core.kis_type_to_kis", "fields": {"kis": "20", "kis_type": "20"}},
        {"pk": 2012, "model": "core.kis_type_to_kis", "fields": {"kis": "20", "kis_type": "30"}},
        {"pk": 2013, "model": "core.kis_type_to_kis", "fields": {"kis": "20", "kis_type": "40"}},
        {"pk": 2014, "model": "core.kis_type_to_kis", "fields": {"kis": "20", "kis_type": "250"}},
        {"pk": 2015, "model": "core.kis_type_to_kis", "fields": {"kis": "20", "kis_type": "100"}},
        {"pk": 2016, "model": "core.kis_type_to_kis", "fields": {"kis": "20", "kis_type": "160"}},
        {"pk": 2017, "model": "core.kis_type_to_kis", "fields": {"kis": "20", "kis_type": "80"}},
        {"pk": 2018, "model": "core.kis_type_to_kis", "fields": {"kis": "20", "kis_type": "170"}},
        {"pk": 2019, "model": "core.kis_type_to_kis", "fields": {"kis": "20", "kis_type": "240"}},
        {"pk": 2021, "model": "core.kis_type_to_kis", "fields": {"kis": "20", "kis_type": "90"}},
        {"pk": 2022, "model": "core.kis_type_to_kis", "fields": {"kis": "20", "kis_type": "60"}},
        {"pk": 2023, "model": "core.kis_type_to_kis", "fields": {"kis": "20", "kis_type": "110"}},
        {"pk": 2024, "model": "core.kis_type_to_kis", "fields": {"kis": "20", "kis_type": "190"}},
        {"pk": 2025, "model": "core.kis_type_to_kis", "fields": {"kis": "20", "kis_type": "130"}},
        {"pk": 2026, "model": "core.kis_type_to_kis", "fields": {"kis": "20", "kis_type": "140"}},
        {"pk": 2027, "model": "core.kis_type_to_kis", "fields": {"kis": "20", "kis_type": "150"}},
        {"pk": 2028, "model": "core.kis_type_to_kis", "fields": {"kis": "20", "kis_type": "180"}},
        {"pk": 2029, "model": "core.kis_type_to_kis", "fields": {"kis": "20", "kis_type": "210"}},

        {"pk": 2010, "model": "core.branch_to_kis", "fields": {"kis": "20", "branch": "10"}},
        {"pk": 2011, "model": "core.branch_to_kis", "fields": {"kis": "20", "branch": "20"}},
        {"pk": 2012, "model": "core.branch_to_kis", "fields": {"kis": "20", "branch": "30"}},
        {"pk": 2013, "model": "core.branch_to_kis", "fields": {"kis": "20", "branch": "40"}},
        {"pk": 2014, "model": "core.branch_to_kis", "fields": {"kis": "20", "branch": "60"}},
        {"pk": 2015, "model": "core.branch_to_kis", "fields": {"kis": "20", "branch": "70"}},
        {"pk": 2016, "model": "core.branch_to_kis", "fields": {"kis": "20", "branch": "80"}},
        {"pk": 2017, "model": "core.branch_to_kis", "fields": {"kis": "20", "branch": "90"}},
        {"pk": 2018, "model": "core.branch_to_kis", "fields": {"kis": "20", "branch": "100"}},
        {"pk": 2019, "model": "core.branch_to_kis", "fields": {"kis": "20", "branch": "110"}},
        {"pk": 2020, "model": "core.branch_to_kis", "fields": {"kis": "20", "branch": "120"}},
        {"pk": 2021, "model": "core.branch_to_kis", "fields": {"kis": "20", "branch": "130"}},
        {"pk": 2022, "model": "core.branch_to_kis", "fields": {"kis": "20", "branch": "140"}},
        {"pk": 2023, "model": "core.branch_to_kis", "fields": {"kis": "20", "branch": "150"}},
        {"pk": 2024, "model": "core.branch_to_kis", "fields": {"kis": "20", "branch": "160"}},
        {"pk": 2025, "model": "core.branch_to_kis", "fields": {"kis": "20", "branch": "180"}},
        {"pk": 2026, "model": "core.branch_to_kis", "fields": {"kis": "20", "branch": "190"}},
        {"pk": 2027, "model": "core.branch_to_kis", "fields": {"kis": "20", "branch": "200"}},
        {"pk": 2028, "model": "core.branch_to_kis", "fields": {"kis": "20", "branch": "210"}},
        {"pk": 2029, "model": "core.branch_to_kis", "fields": {"kis": "20", "branch": "220"}},
        {"pk": 2030, "model": "core.branch_to_kis", "fields": {"kis": "20", "branch": "230"}},
        {"pk": 2031, "model": "core.branch_to_kis", "fields": {"kis": "20", "branch": "240"}},
        {"pk": 2032, "model": "core.branch_to_kis", "fields": {"kis": "20", "branch": "250"}},
        {"pk": 2033, "model": "core.branch_to_kis", "fields": {"kis": "20", "branch": "260"}},
        {"pk": 2034, "model": "core.branch_to_kis", "fields": {"kis": "20", "branch": "270"}},
        {"pk": 2035, "model": "core.branch_to_kis", "fields": {"kis": "20", "branch": "280"}},
        {"pk": 2036, "model": "core.branch_to_kis", "fields": {"kis": "20", "branch": "290"}}

]