[

    {"pk":   10, "model": "core.branch", "fields": {"name": "Электронная комерция", "text": ""}},
    {"pk":   20, "model": "core.branch", "fields": {"name": "Автомобильная промышленность", "text": ""}},
    {"pk":   30, "model": "core.branch", "fields": {"name": "Аэрокосмическая и оборонная промышленность", "text": ""}},
    {"pk":   40, "model": "core.branch", "fields": {"name": "Банковская отрасль", "text": ""}},
    {"pk":   50, "model": "core.branch", "fields": {"name": "Биржи / Аукционы", "text": ""}},
    {"pk":   60, "model": "core.branch", "fields": {"name": "Высокие технологии и электроника", "text": ""}},
    {"pk":   70, "model": "core.branch", "fields": {"name": "Высшее образование и научные исследования", "text": ""}},
    {"pk":   80, "model": "core.branch", "fields": {"name": "Горнодобывающая промышленность", "text": ""}},
    {"pk":   90, "model": "core.branch", "fields": {"name": "Государственный сектор", "text": ""}},
    {"pk":  100, "model": "core.branch", "fields": {"name": "Здравоохранение", "text": ""}},
    {"pk":  110, "model": "core.branch", "fields": {"name": "Логистические услуги", "text": ""}},
    {"pk":  120, "model": "core.branch", "fields": {"name": "Машиностроение и производство компонентов", "text": ""}},
    {"pk":  130, "model": "core.branch", "fields": {"name": "Медиа", "text": ""}},
    {"pk":  140, "model": "core.branch", "fields": {"name": "Нефтегазовая промышленность", "text": ""}},
    {"pk":  150, "model": "core.branch", "fields": {"name": "Обрабатывающая промышленность", "text": ""}},
    {"pk":  160, "model": "core.branch", "fields": {"name": "Оптовая торговля", "text": ""}},
    {"pk":  170, "model": "core.branch", "fields": {"name": "Потребительские общества", "text": ""}},
    {"pk":  180, "model": "core.branch", "fields": {"name": "Проектирование и строительство", "text": ""}},
    {"pk":  190, "model": "core.branch", "fields": {"name": "Производство товаров народного потребления", "text": ""}},
    {"pk":  200, "model": "core.branch", "fields": {"name": "Профессиональные услуги", "text": ""}},
    {"pk":  210, "model": "core.branch", "fields": {"name": "Рестораны, HORECA", "text": ""}},
    {"pk":  220, "model": "core.branch", "fields": {"name": "Розничная торговля", "text": ""}},
    {"pk":  230, "model": "core.branch", "fields": {"name": "Сельское хозяйство", "text": ""}},
    {"pk":  240, "model": "core.branch", "fields": {"name": "Страхование", "text": ""}},
    {"pk":  250, "model": "core.branch", "fields": {"name": "Телекоммуникации", "text": ""}},
    {"pk":  260, "model": "core.branch", "fields": {"name": "Фармацевтика и биотехнологии", "text": ""}},
    {"pk":  270, "model": "core.branch", "fields": {"name": "Химическая промышленность", "text": ""}},
    {"pk":  280, "model": "core.branch", "fields": {"name": "Энергетика и ЖКХ", "text": ""}},
    {"pk":  290, "model": "core.branch", "fields": {"name": "ИТ", "text": ""}},

    {"pk": 11010, "model": "core.branch_tech", "fields": {"name": "RP – Requirements/resource planning", "weight": 1, "text": "Планирование потребностей/ресурсов"}},
        {"pk": 11010, "model": "core.branch_tech_to_branch", "fields": {"branch": 110, "branch_tech": 11010}},
    {"pk": 11020, "model": "core.branch_tech", "fields": {"name": "JIT – Just-in-time", "weight": 1, "text": "Точно в срок"}},
        {"pk": 11020, "model": "core.branch_tech_to_branch", "fields": {"branch": 110, "branch_tech": 11020}},
    {"pk": 11030, "model": "core.branch_tech", "fields": {"name": "LP – Lean Production", "weight": 1, "text": "«Плоское производство»"}},
        {"pk": 11030, "model": "core.branch_tech_to_branch", "fields": {"branch": 110, "branch_tech": 11030}},
    {"pk": 11040, "model": "core.branch_tech", "fields": {"name": "DDT – Demand-driven techniques", "weight": 2, "text": "Логистика, ориентированная на спрос"}},
        {"pk": 11040, "model": "core.branch_tech_to_branch", "fields": {"branch": 110, "branch_tech": 11040}},
    {"pk": 11050, "model": "core.branch_tech", "fields": {"name": "SCM - Supply chain management", "weight": 2, "text": "Управление цепью поставок"}},
        {"pk": 11050, "model": "core.branch_tech_to_branch", "fields": {"branch": 110, "branch_tech": 11050}},
    {"pk": 11060, "model": "core.branch_tech", "fields": {"name": "Time-based logistics", "weight": 2, "text": "Логистика в реальном масштабе времени"}},
        {"pk": 11060, "model": "core.branch_tech_to_branch", "fields": {"branch": 110, "branch_tech": 11060}},
    {"pk": 11070, "model": "core.branch_tech", "fields": {"name": "Value added logistics", "weight": 2, "text": "Логистика добавленной стоимости"}},
        {"pk": 11070, "model": "core.branch_tech_to_branch", "fields": {"branch": 110, "branch_tech": 11070}},
    {"pk": 11080, "model": "core.branch_tech", "fields": {"name": "Virtual logistics", "weight": 2, "text": "Виртуальная логистика"}},
        {"pk": 11080, "model": "core.branch_tech_to_branch", "fields": {"branch": 110, "branch_tech": 11080}},
    {"pk": 11090, "model": "core.branch_tech", "fields": {"name": "E-logistics", "weight": 2, "text": "Электронная логистика"}},
        {"pk": 11090, "model": "core.branch_tech_to_branch", "fields": {"branch": 110, "branch_tech": 11090}},


    {"pk": 29010, "model": "core.branch_tech", "fields": {"name": "Python", "text": ""}},
        {"pk": 29010, "model": "core.branch_tech_to_branch", "fields": {"branch": 290, "branch_tech": 29010}},
    {"pk": 29020, "model": "core.branch_tech", "fields": {"name": "Perl", "text": ""}},
        {"pk": 29020, "model": "core.branch_tech_to_branch", "fields": {"branch": 290, "branch_tech": 29020}},
    {"pk": 29030, "model": "core.branch_tech", "fields": {"name": "PHP", "text": ""}},
        {"pk": 29030, "model": "core.branch_tech_to_branch", "fields": {"branch": 290, "branch_tech": 29030}},
    {"pk": 29040, "model": "core.branch_tech", "fields": {"name": "OOP", "text": ""}},
        {"pk": 29040, "model": "core.branch_tech_to_branch", "fields": {"branch": 290, "branch_tech": 29040}},
    {"pk": 29050, "model": "core.branch_tech", "fields": {"name": "WEB", "text": ""}},
        {"pk": 29050, "model": "core.branch_tech_to_branch", "fields": {"branch": 290, "branch_tech": 29050}},
    {"pk": 29060, "model": "core.branch_tech", "fields": {"name": "Mobile App", "text": ""}},
        {"pk": 29060, "model": "core.branch_tech_to_branch", "fields": {"branch": 290, "branch_tech": 29060}},
    {"pk": 29070, "model": "core.branch_tech", "fields": {"name": "SaaS", "text": ""}},
        {"pk": 29070, "model": "core.branch_tech_to_branch", "fields": {"branch": 290, "branch_tech": 29070}},



    {"pk":   1000, "model": "core.developer", "fields": {"name": "Oracle", "text": ""}},
    {"pk":   1010, "model": "core.developer", "fields": {"name": "SAP", "text": ""}},
    {"pk":   1030, "model": "core.developer", "fields": {"name": "Aspen", "text": "http://www.aspentech.com/products/home"}},
    {"pk":   1040, "model": "core.developer", "fields": {"name": "Крок", "city": "1", "revenue_2011": "38016000", "revenue_2010": "25284605", "staff_2011": "1864", "staff_2010": "1783", "text": "http://www.croc.ru/solution"}},
    {"pk":   1050, "model": "core.developer", "fields": {"name": "IT Alliance", "text": "http://www.it-alnc.ru/services"}},
    {"pk":   1060, "model": "core.developer", "fields": {"name": "IBS", "city": "1", "revenue_2011": "26100000", "revenue_2010": "20606530", "staff_2011": "8350", "staff_2010": "7227", "text": "http://www.ibs.ru/content/rus/rubr9/rubr-94.asp"}},
    {"pk":   1070, "model": "core.developer", "fields": {"name": "Ланит", "city": "1", "revenue_2011": "50254866", "revenue_2010": "40944000", "staff_2011": "4997", "staff_2010": "4292", "text": "http://www.lanit.ru/business"}},
    {"pk":   1080, "model": "core.developer", "fields": {"name": "Микротест", "city": "1", "revenue_2011": "11530016", "revenue_2010": "9298400", "staff_2011": "692", "staff_2010": "678", "text": "http://www.microtest.ru/software"}},
    {"pk":   1090, "model": "core.developer", "fields": {"name": "АйТи", "text": "http://www.it.ru/services/detail.php?ID=385&type=projects"}},
    {"pk":   1100, "model": "core.developer", "fields": {"name": "Техносерв", "city": "1", "revenue_2011": "39277591", "revenue_2010": "33517571", "staff_2011": "2381", "staff_2010": "2116", "text": "http://www.technoserv.com/services"}},
    {"pk":   1110, "model": "core.developer", "fields": {"name": "Ай-Теко", "city": "1", "revenue_2011": "16900000", "revenue_2010": "12510000", "staff_2011": "1800", "staff_2010": "1300", "text": "http://www.i-teco.ru/products_new.html"}},
    {"pk":   1120, "model": "core.developer", "fields": {"name": "Jet Infosystems", "text": "http://jet.msk.su/projects"}},
    {"pk":   1130, "model": "core.developer", "fields": {"name": "Сибинтек", "text": "http://sibintek.ru/industry"}},
    {"pk":   1140, "model": "core.developer", "fields": {"name": "GMCS", "text": "http://www.gmcs.ru/what-we-do/industry"}},
    {"pk":   1150, "model": "core.developer", "fields": {"name": "Инфоконт", "text": "http://infocont.ru"}},
    {"pk":   1160, "model": "core.developer", "fields": {"name": "R-Style", "city": "1", "revenue_2011": "27680664", "revenue_2010": "21564321", "staff_2011": "2170", "staff_2010": "1930", "text": "http://www.r-style.ru/work/sistfusion"}},
    {"pk":   1170, "model": "core.developer", "fields": {"name": "Inline Technologies", "text": "http://www.in-line.ru/branches"}},
    {"pk":   1180, "model": "core.developer", "fields": {"name": "Борлас", "text": "http://borlas.ru/clients.html"}},
    {"pk":   1190, "model": "core.developer", "fields": {"name": "TopS BI", "text": "http://www.topsbi.ru/default.asp?trID=5"}},
    {"pk":   1200, "model": "core.developer", "fields": {"name": "Корус Консалтинг", "text": "http://korusconsulting.ru/industries/browse"}},
    {"pk":   1210, "model": "core.developer", "fields": {"name": "Оптима", "city": "1", "revenue_2011": "12041966", "revenue_2010": "11093876", "staff_2011": "2458", "staff_2010": "2416", "text": "http://www.optima.ru/branches"}},
    {"pk":   1220, "model": "core.developer", "fields": {"name": "AMT Group", "text": "http://www.amt.ru/markets"}},
    {"pk":   1230, "model": "core.developer", "fields": {"name": "Columbus IT Partner", "text": "http://www.columbusglobal.com"}},
    {"pk":   1240, "model": "core.developer", "fields": {"name": "BCC", "city": "2", "revenue_2011": "15130074", "revenue_2010": "14812626", "staff_2011": "988", "staff_2010": "876", "text": "http://www.bcc.ru/experience"}},
    {"pk":   1250, "model": "core.developer", "fields": {"name": "IFC", "text": "http://www.ifsworld.com/ru-ru/industries"}},
    {"pk":   1260, "model": "core.developer", "fields": {"name": "NVision", "text": "http://www.nvg.ru/solutions-and-services"}},
    {"pk":   1270, "model": "core.developer", "fields": {"name": "ИКТ-Консалт", "text": "http://www.ikt-group.ru/sectdecisions"}},
    {"pk":   1280, "model": "core.developer", "fields": {"name": "Inline Group", "text": "http://www.inlinegroup.ru/products/software"}},
    {"pk":   1290, "model": "core.developer", "fields": {"name": "Систематика", "text": "http://www.systematic.ru/resheniya_i_uslugi/sx/ClickWAY/resheniya_i_uslugi.html"}},
    {"pk":   1300, "model": "core.developer", "fields": {"name": "Сервис Плюс", "text": "http://www.servplus.by/solutions"}},
    {"pk":   1310, "model": "core.developer", "fields": {"name": "ОТР", "text": "http://www.otr.ru/industries/index.php"}},
    {"pk":   1320, "model": "core.developer", "fields": {"name": "Cognitive Technologies", "city": "1", "revenue_2011": "13823575", "revenue_2010": "10591376", "staff_2011": "762", "staff_2010": "695", "text": "http://www.cognitive.ru/about-us.html"}},
    {"pk":   1330, "model": "core.developer", "fields": {"name": "EMC", "text": "http://russia.emc.com/index.htm"}},
    {"pk":   1340, "model": "core.developer", "fields": {"name": "Epicor", "text": "http://www.epicor.com/russia/Pages/default.aspx"}},
    {"pk":   1350, "model": "core.developer", "fields": {"name": "Галактика", "text": "http://www.galaktika.ru/klienty/otrasli-primeneniya"}},
    {"pk":   1360, "model": "core.developer", "fields": {"name": "Terrasoft", "text": "http://www.terrasoft.ru/industries"}},
    {"pk":   1370, "model": "core.developer", "fields": {"name": "Microsoft", "text": ""}},
    {"pk":   1380, "model": "core.developer", "fields": {"name": "NetSuite", "text": "http://www.netsuite.com/portal/products/main.shtml"}},
    {"pk":   1390, "model": "core.developer", "fields": {"name": "SugarCRM", "text": "http://www.sugarcrm.com/solutions"}},
    {"pk":   1400, "model": "core.developer", "fields": {"name": "kpi", "text": "http://www.kpi.com/product-tour"}},
    {"pk":   1410, "model": "core.developer", "fields": {"name": "РДТЕХ", "text": "http://www.rdtex.ru/win/root/services_it_for_business.html"}},
    {"pk":   1420, "model": "core.developer", "fields": {"name": "Люксофт", "text": "http://www.luxoft.ru/industries"}},
    {"pk":   1430, "model": "core.developer", "fields": {"name": "SalesForce", "text": "http://www.salesforce.com/products"}},
    {"pk":   1440, "model": "core.developer", "fields": {"name": "САПЕРИОН", "text": "ECM http://www.saperion.ru"}},
    {"pk":   1450, "model": "core.developer", "fields": {"name": "НКК (Национальная компьютерная корпорация)", "text": "http://www.ncc.ru/home"}},
    {"pk":   1460, "model": "core.developer", "fields": {"name": "Sitronics", "text": "http://www.sitronics.ru/products"}},
    {"pk":   1470, "model": "core.developer", "fields": {"name": "Энвижн Груп", "city": "1", "revenue_2011": "20948565", "revenue_2010": "18496007", "staff_2011": "1175", "staff_2010": "1132", "text": "http://www.nvg.ru/solutions-and-services"}},
    {"pk":   1480, "model": "core.developer", "fields": {"name": "ITG (Inline Technologies Group)", "city": "1", "revenue_2011": "17519000", "revenue_2010": "10016000", "staff_2011": "1248", "staff_2010": "1068", "text": "http://www.itgrp.ru"}},
    {"pk":   1490, "model": "core.developer", "fields": {"name": "Астерос", "city": "1", "revenue_2011": "17258352", "revenue_2010": "11179840", "staff_2011": "1570", "staff_2010": "1453", "text": "http://www.asteros.ru/solutions/it-consulting"}},
    {"pk":   1490, "model": "core.developer", "fields": {"name": "Softline", "city": "1", "revenue_2011": "16407901", "revenue_2010": "12748482", "staff_2011": "1900", "staff_2010": "1700", "text": "http://services.softline.ru"}},
    {"pk":   1490, "model": "core.developer", "fields": {"name": "Verysell", "city": "1", "revenue_2011": "14078350", "revenue_2010": "12817759", "staff_2011": "308", "staff_2010": "390", "text": "http://www.vp.verysell.ru/services/services_03"}}
]